source,pool,n,heuristic_placed,cpsat_placed,heuristic_score,cpsat_score,cpsat_optimal,cpsat_bound,score_gap_pct,heuristic_ms,cpsat_ms
"live M=500 generous, 5-min batches",0,6,4,4,4368,4368,True,4368,0,0.7178,12.8972
"live M=500 generous, 5-min batches",1,6,4,4,4353,4355,True,4355,0.0459242,0.7921,12.782
"live M=500 generous, 5-min batches",2,6,4,4,4359,4423,True,4423,1.44698,0.5956,11.2622
"live M=500 generous, 5-min batches",3,7,4,4,4389,4389,True,4389,0,0.9812,11.4197
"live M=500 generous, 5-min batches",4,6,4,4,4376,4376,True,4376,0,0.7042,6.6973
"live M=500 generous, 5-min batches",5,6,4,4,4273,4273,True,4273,0,0.5065,7.223
"live M=500 generous, 5-min batches",6,6,4,4,4390,4390,True,4390,0,0.6575,8.0884
"live M=500 generous, 5-min batches",7,6,4,4,4258,4258,True,4258,0,0.486,7.1506
"live M=500 generous, 5-min batches",8,6,4,4,4183,4346,True,4346,3.75058,0.7806,7.849
"live M=500 generous, 5-min batches",9,6,4,4,4821,4821,True,4821,0,0.4974,8.2105
"live M=500 generous, 5-min batches",10,6,4,4,4359,4359,True,4359,0,0.5256,6.0381
"live M=500 generous, 5-min batches",11,6,4,4,4507,4507,True,4507,0,0.4925,8.7235
"live M=500 generous, 5-min batches",12,6,4,4,4369,4369,True,4369,0,0.5243,6.6486
"live M=500 generous, 5-min batches",13,6,4,4,4449,4449,True,4449,0,0.5474,10.1272
"live M=500 generous, 5-min batches",14,6,4,4,4235,4235,True,4235,0,0.5301,8.1698
"live M=500 generous, 5-min batches",15,6,4,4,4737,4737,True,4737,0,0.5477,9.6365
"live M=500 generous, 5-min batches",16,7,7,7,7265,7265,True,7265,0,1.0024,12.6281
"live M=500 generous, 5-min batches",17,6,4,4,4248,4248,True,4248,0,0.8374,5.8469
"live M=500 generous, 5-min batches",18,6,4,4,4242,4242,True,4242,0,0.4812,5.7221
"live M=500 generous, 5-min batches",19,6,4,4,4363,4363,True,4363,0,0.588,7.4635
"live M=500 generous, 5-min batches",20,6,4,4,4420,4420,True,4420,0,0.6163,6.0865
"live M=500 generous, 5-min batches",21,6,4,4,4596,4596,True,4596,0,0.5708,9.0501
"live M=500 generous, 5-min batches",22,6,4,4,4206,4206,True,4206,0,0.4705,8.3299
"live M=500 generous, 5-min batches",23,6,4,4,4376,4376,True,4376,0,0.4716,6.7172
"live M=500 generous, 5-min batches",24,6,4,4,4296,4296,True,4296,0,0.5466,8.9857
"live M=500 generous, 5-min batches",25,6,4,4,4268,4275,True,4275,0.163743,0.6578,8.8464
"live M=500 generous, 5-min batches",26,6,4,4,4279,4279,True,4279,0,0.496,5.935
"live M=500 generous, 5-min batches",27,6,4,4,4003,4009,True,4009,0.149663,0.7993,9.4731
"live M=500 generous, 5-min batches",28,7,4,4,4302,4302,True,4302,0,1.4878,12.377
"live M=500 generous, 5-min batches",29,7,7,7,6963,6963,True,6963,0,0.6017,15.9437
"live M=500 generous, 5-min batches",30,8,8,8,8216,8216,True,8216,0,0.763,13.6083
"live M=500 generous, 5-min batches",31,6,4,4,4056,4056,True,4056,0,1.202,10.8066
"live M=500 generous, 5-min batches",32,6,4,4,4221,4221,True,4221,0,0.5172,7.4798
"live M=500 generous, 5-min batches",33,6,4,4,4037,4037,True,4037,0,0.4412,10.4863
"live M=500 generous, 5-min batches",34,8,8,8,8240,8240,True,8240,0,1.1762,15.9138
"live M=500 generous, 5-min batches",35,6,4,4,4123,4123,True,4123,0,0.5062,7.2071
"live M=500 generous, 5-min batches",36,7,4,4,4357,4357,True,4357,0,1.0084,11.6199
"live M=500 generous, 5-min batches",37,7,4,4,4027,4052,True,4052,0.616979,0.646,5.6566
"live M=500 generous, 5-min batches",38,6,4,4,4093,4093,True,4093,0,0.5112,7.8088
"live M=500 generous, 5-min batches",39,6,4,4,4141,4141,True,4141,0,0.4186,6.3772
"live M=200 windows, 15-min batches",40,8,8,8,9003,9013,True,9013,0.110951,0.6246,13.6989
"live M=200 windows, 15-min batches",41,6,4,4,4629,4629,True,4629,0,0.6944,9.2554
"live M=200 windows, 15-min batches",42,7,4,4,4438,4438,True,4438,0,1.2187,7.6168
"live M=200 windows, 15-min batches",43,6,4,4,4441,4448,True,4448,0.157374,0.5973,7.7638
"live M=200 windows, 15-min batches",44,6,4,4,4431,4431,True,4431,0,0.7729,8.3953
"live M=200 windows, 15-min batches",45,6,4,4,4310,4327,True,4327,0.392882,0.6294,9.433
"live M=200 windows, 15-min batches",46,6,4,4,4315,4315,True,4315,0,1.9097,8.9767
"live M=200 windows, 15-min batches",47,6,4,4,4318,4318,True,4318,0,0.564,6.8319
"live M=200 windows, 15-min batches",48,7,7,7,8031,8031,True,8031,0,0.7856,14.0582
"live M=200 windows, 15-min batches",49,6,5,5,5395,5395,True,5395,0,0.5614,8.6706
"live M=200 windows, 15-min batches",50,6,4,4,4332,4332,True,4332,0,0.6039,9.6296
"live M=200 windows, 15-min batches",51,6,4,4,4403,4403,True,4403,0,0.5713,7.6939
"live M=200 windows, 15-min batches",52,7,7,7,7510,7510,True,7510,0,0.7368,8.8576
"live M=200 windows, 15-min batches",53,6,4,4,4357,4357,True,4357,0,0.7016,6.892
"live M=200 windows, 15-min batches",54,6,4,4,4434,4434,True,4434,0,0.5662,7.5667
"live M=200 windows, 15-min batches",55,6,4,4,4248,4293,True,4293,1.04822,0.664,10.4351
"live M=200 windows, 15-min batches",56,6,4,4,4300,4300,True,4300,0,1.4154,6.067
"live M=200 windows, 15-min batches",57,6,4,4,4307,4307,True,4307,0,0.5667,8.4171
"live M=200 windows, 15-min batches",58,6,4,4,4439,4439,True,4439,0,0.4047,9.454
"live M=200 windows, 15-min batches",59,6,4,4,4408,4408,True,4408,0,0.6588,7.7212
"live M=200 windows, 15-min batches",60,6,4,4,4443,4458,True,4458,0.336474,0.537,10.2995
"live M=200 windows, 15-min batches",61,6,4,4,4314,4314,True,4314,0,0.5122,2.7506
"live M=200 windows, 15-min batches",62,6,4,4,4348,4348,True,4348,0,0.5027,8.5089
"live M=200 windows, 15-min batches",63,6,4,4,4323,4323,True,4323,0,0.5967,8.1858
"live M=200 windows, 15-min batches",64,7,7,7,7573,7573,True,7573,0,1.0094,8.1316
"live M=200 windows, 15-min batches",65,6,4,4,4741,4741,True,4741,0,0.4151,12.4729
"live M=200 windows, 15-min batches",66,6,4,4,4432,4432,True,4432,0,0.4613,8.1757
"live M=200 windows, 15-min batches",67,6,4,4,4299,4299,True,4299,0,0.5754,7.3685
"live M=200 windows, 15-min batches",68,6,4,4,4383,4383,True,4383,0,1.4711,8.7993
"live M=200 windows, 15-min batches",69,6,4,4,4158,4158,True,4158,0,0.7216,8.7186
"live M=200 windows, 15-min batches",70,6,4,4,4494,4494,True,4494,0,0.5636,9.5327
"live M=200 windows, 15-min batches",71,6,4,4,4211,4252,True,4252,0.964252,0.547,8.3769
"live M=200 windows, 15-min batches",72,6,4,4,4574,4574,True,4574,0,1.1659,20.3846
"live M=200 windows, 15-min batches",73,6,4,4,4271,4271,True,4271,0,0.4624,8.0857
"live M=200 windows, 15-min batches",74,7,7,7,7222,7222,True,7222,0,1.117,14.5489
"live M=200 windows, 15-min batches",75,6,4,4,4287,4287,True,4287,0,0.5815,7.4948
"live M=200 windows, 15-min batches",76,6,4,4,4295,4295,True,4295,0,1.8533,7.7906
"live M=200 windows, 15-min batches",77,6,4,4,4339,4339,True,4339,0,0.4647,8.6399
"live M=200 windows, 15-min batches",78,6,4,4,4161,4161,True,4161,0,1.4687,9.0279
"live M=200 windows, 15-min batches",79,7,4,4,4577,4577,True,4577,0,1.2335,13.2214
"async M=50, batch at close",80,21,21,21,28782,29022,False,35032,0.826959,13.2554,36007.3
"async M=50, batch at close",81,14,14,14,19012,19012,True,19012,0,7.7446,138.534
"async M=50, batch at close",82,18,18,18,24814,24814,False,29408,0,13.6196,50927
"async M=50, batch at close",83,22,22,22,30891,31169,False,41131,0.891912,68.5226,64582.6
"async M=50, batch at close",84,15,15,15,20936,20987,True,20987,0.243008,10.2595,3775.39
"async M=50, batch at close",85,17,17,17,24249,24249,True,24249,0,48.1319,1814.83
"async M=50, batch at close",86,17,17,17,22778,22807,True,22807,0.127154,11.889,1096.37
"async M=50, batch at close",87,6,5,5,6645,6645,True,6645,0,0.3393,15.8568
"async M=50, batch at close",88,16,15,16,20708,21966,True,21966,5.72703,7.4304,1007.99
"async M=50, batch at close",89,6,5,5,6856,6856,True,6856,0,0.6044,15.1249
"async M=50, batch at close",90,20,20,20,27606,27810,False,30213,0.733549,16.1497,51799.2
"async M=50, batch at close",91,18,18,18,24598,24676,True,24676,0.316097,23.129,1412.8
"async M=50, batch at close",92,6,4,4,5487,5487,True,5487,0,0.487,12.545
"async M=100, rolling 24 h",93,13,13,13,14528,14528,True,14528,0,10.1616,76.8189
"async M=100, rolling 24 h",94,10,10,10,11757,11757,True,11757,0,3.2009,49.3598
"async M=100, rolling 24 h",95,6,5,5,5559,5559,True,5559,0,0.6326,11.115
"async M=100, rolling 24 h",96,6,6,6,7085,7085,True,7085,0,0.4089,13.8615
"async M=100, rolling 24 h",97,13,11,13,13326,15057,True,15057,11.4963,117.64,209.329
"async M=100, rolling 24 h",98,9,9,9,10007,10007,True,10007,0,1.2556,30.6985
"async M=100, rolling 24 h",99,6,5,5,5622,5622,True,5622,0,0.7313,13.352
"async M=100, rolling 24 h",100,14,14,14,16554,16757,True,16757,1.21143,4.8488,2121.99
"async M=100, rolling 24 h",101,7,5,5,5980,5980,True,5980,0,1.4216,25.3125
"async M=100, rolling 24 h",102,8,6,6,7261,7261,True,7261,0,1.4932,22.4796
"async M=100, rolling 24 h",103,20,20,20,23172,23370,False,29082,0.84724,18.775,53829.5
"async M=100, rolling 24 h",104,11,11,11,12860,12860,True,12860,0,1.4499,53.4753
"async M=100, rolling 24 h",105,16,16,16,18678,18688,True,18688,0.0535103,7.185,1188.69
"async M=100, rolling 24 h",106,6,5,5,5758,5758,True,5758,0,0.818,19.9511
"async M=100, rolling 24 h",107,6,5,5,5675,5675,True,5675,0,0.648,13.1802
"async M=100, rolling 24 h",108,7,5,5,5646,5646,True,5646,0,0.6005,13.8288
"async M=100, rolling 24 h",109,6,5,5,5935,5935,True,5935,0,0.4895,12.0469
"async M=100, rolling 24 h",110,25,25,25,28835,29024,False,33289,0.651185,22.5074,60084.5
"async M=100, rolling 24 h",111,8,5,5,5604,5734,True,5734,2.26718,1.629,20.7969
"async M=100, rolling 24 h",112,6,0,0,0,0,True,-0,0,0.7266,10.0993
"async M=100, rolling 24 h",113,7,5,5,5950,5950,True,5950,0,0.5382,19.8144
"async M=100, rolling 24 h",114,6,5,5,6102,6102,True,6102,0,1.1951,18.3674
"async M=100, rolling 24 h",115,16,16,16,17892,17942,True,17942,0.278676,8.2585,694.427
"async M=100, rolling 24 h",116,8,5,5,5759,5759,True,5759,0,0.9162,19.2955
"async M=100, rolling 24 h",117,6,5,5,6409,6409,True,6409,0,0.565,17.1175
"async M=100, rolling 24 h",118,8,5,5,5769,5769,True,5769,0,2.5951,41.6192
"async M=100, rolling 24 h",119,14,14,14,15484,15805,True,15805,2.031,6.2058,312.149
"async M=100, rolling 24 h",120,7,5,5,5557,5572,True,5572,0.269203,1.3851,16.3391
"async M=100, rolling 24 h",121,7,5,5,5560,5578,True,5578,0.322696,0.8894,19.358
"async M=100, rolling 24 h",122,11,11,11,12151,12151,True,12151,0,3.0984,62.0732
"async M=100, rolling 24 h",123,12,11,11,12602,12620,True,12620,0.142631,119.446,97.9088
"async M=100, rolling 24 h",124,7,5,5,5705,5705,True,5705,0,1.7786,19.1432
"async M=100, rolling 24 h",125,7,5,5,6244,6244,True,6244,0,1.2211,28.0492
"async M=100, rolling 24 h",126,17,16,16,17894,18073,True,18073,0.990428,11.3173,1085.04
"async M=100, rolling 24 h",127,9,9,9,10144,10144,True,10144,0,1.1375,45.469
"async M=100, rolling 24 h",128,9,5,5,6264,6264,True,6264,0,4.5353,75.3236
"async M=100, rolling 24 h",129,7,6,6,7186,7186,True,7186,0,0.5978,19.212
